,S0,S1,S2,S3,exp,syn,Tg,Density,Solu,Tc
503,O=c7c6ccc(c5ccc4c(=O)n(c3ccc(Oc2cccc(Oc1ccc(*)cc1)c2)cc3)c(=O)c4c5)cc6c(=O)n7*,0,H*BO*BO*B*Bh*BhT,0,0,0,484.0,0,0,0
388,O=c7c6ccc(Oc2cc1ccccc1cc2Oc5ccc4c(=O)n(c3cccc(*)c3)c(=O)c4c5)cc6c(=O)n7*,0,H*BhO*BcO*Bh*BT,0,0,0,528.0,0,0,0
260,FC(F)(*)C(F)(*)c1ccccc1,0,HC#*BF*FwT,0,0,0,475.0,0,0,0
256,*c1ccc(N(c2ccccc2)c2ccc(N3C(=O)c4ccc(Oc5ccc6c(c5)C(=O)N(*)C6=O)cc4C3=O)cc2)cc1,0,H*BhO*Bh*BN@*B*BT,0,0,0,561.0,0,0,0
130,*c1ccc(Cc2ccc(N3C(=O)c4ccc(Oc5ccc(Oc6ccc7c(c6)C(=O)N(*)C7=O)cc5)cc4C3=O)cc2)cc1,0,H*BhO*BO*Bh*BC*BT,0,0,0,532.0,0,0,0
184,COC(=O)C(C)(*)C*,0,HCC#C*Co@CT,0,0,0,378.0,0,0,0
181,Cc1cc(C)cc(C(*)C*)c1,0,HCC@*B#CCT,0,0,0,377.0,0,0,0
196,*c1c(C)cc(Cc2cc(C)c(N3C(=O)c4ccc(C(c5ccc6c(c5)C(=O)N(*)C6=O)(C(F)(F)F)C(F)(F)F)cc4C3=O)c(C)c2)cc1C,0,H*BhC#*Ft*Ft*Bh*B#CCC*B#CCT,0,0,0,579.0,0,0,0
73,CN(C)c1ccc([Si](C)(*)CC*)cc1,0,HCCSi#C*B@N#CCT,0,0,0,267.0,0,0,0
115,*c1cc(N2C(=O)c3ccc(Oc4ccc5c(c4)C(=O)N(*)C5=O)cc3C2=O)ccc1C,0,H*BhO*Bh*B@CT,0,0,0,551.0,0,0,0
299,O=C(*)c2ccc(C(=O)Nc1ccc(N*)cc1)cc2,0,HN*BNC@O*BC@OT,0,0,0,600.0,0,0,0
5,*c1ccc(Sc2ccc(N3C(=O)c4ccc(Oc5ccc6c(c5)C(=O)N(*)C6=O)cc4C3=O)cc2)cc1,0,H*BhO*Bh*BS*BT,0,0,0,522.0,0,0,0
382,CC(C)(c1ccc(*)cc1)c9ccc(C(C)(C)c8ccc(n7c(=O)c6ccc(Oc5ccc4ccc(Oc3ccc2c(=O)n(*)c(=O)c2c3)cc4c5)cc6c7=O)cc8)cc9,0,H*BC#CC*BC#CC*B*BhO*BcO*BhT,0,0,0,519.0,0,0,0
237,O=C(O*)Oc2ccc(Cc1ccc(*)cc1)cc2,0,H*BC*B*CoOT,0,0,0,420.0,0,0,0
144,*c1ccc(C(c2ccc(N3C(=O)c4ccc(C(=O)c5cccc(C(=O)c6ccc7c(c6)C(=O)N(*)C7=O)c5)cc4C3=O)cc2)(C(F)(F)F)C(F)(F)F)cc1,0,H*BhC@O*BC@O*Bh*BC#*Ft*Ft*BT,0,0,0,530.0,0,0,0
20,C/C(=C\C*)C*,0,HCC@CCCT,0,0,0,203.0,0,0,0
0,CC[Si](*)(CC)O*,0,HOSi#*Ct*CtT,0,0,0,130.0,0,0,0
8,CCCC/C(=C/C*)C*,0,HCC@*CfCCT,0,0,0,192.0,0,0,0
393,O=c8c7ccc(Oc2cc1ccccc1cc2Oc6ccc5c(=O)n(c4ccc(Oc3ccc(*)cc3)cc4)c(=O)c5c6)cc7c(=O)n8*,0,H*BhO*BcO*Bh*BO*BT,0,0,0,508.0,0,0,0
177,*c1ccc(Sc2ccc(N3C(=O)c4ccc(-c5ccc6c(c5)C(=O)N(*)C6=O)cc4C3=O)cc2)cc1,0,H*B*B*BS*BT,0,0,0,563.0,0,0,0
301,O=c5c4ccc(Oc3ccc2c(=O)n(c1ccc(*)cc1)c(=O)c2c3)cc4c(=O)n5*,0,H*BhO*Bh*BT,0,0,0,615.0,0,0,0
3,C[Si](C)(*)C*,0,HCSi#CCT,0,0,0,173.0,0,0,0
221,CC(*)(C*)c1ccccc1,0,HCC#C*BT,0,0,0,409.0,0,0,0
74,*c5ccc(n4c(=O)c3cccc(Sc2ccc1c(=O)n(*)c(=O)c1c2)c3c4=O)cc5,0,H*BhS*Bh*BT,0,0,0,616.0,0,0,0
172,O=C(*)c2ccc(C(=O)OCC1CCC(O*)CC1)cc2,0,HO*HC*Co*BC@OT,0,0,0,368.0,0,0,0
175,FC(F)(*)CC(F)(Cl)*,0,HC#FCl*FwT,0,0,0,373.0,0,0,0
64,*c1cccc(N2C(=O)c3ccc(C(c4ccc5c(c4)C(=O)N(*)C5=O)(C(F)(F)F)C(F)(F)F)cc3C2=O)c1,0,H*BhC#*Ft*Ft*Bh*BT,0,0,0,569.0,0,0,0
262,Cc1cc(*)cc(C)c1O*,0,HO*B#CCT,0,0,0,482.0,0,0,0
11,*CC*,0,HCCT,0,0,0,195.0,0,0,0
167,O=C(*)CCCCC(=O)NCc1ccc(CN*)cc1,0,HNC*BCNC@OCCCCC@OT,0,0,0,363.0,0,0,0
181,*c1cccc(C(c2cccc(N3C(=O)c4ccc(C(=O)c5ccc6c(c5)C(=O)N(*)C6=O)cc4C3=O)c2)(C(F)(F)F)C(F)(F)F)c1,0,H*BhC@O*Bh*BC*Ft*Ft*BT,0,0,0,520.0,0,0,0
826,*c6ccc(C(=O)c5ccc(n4c(=O)c3ccc(c2ccc1c(=O)n(*)c(=O)c1c2)cc3c4=O)cc5)cc6,0,H*Bh*Bh*BC@O*BT,0,0,0,580.0,0,0,0
384,O=c9c8ccc(Oc7ccc6ccc(Oc5ccc4c(=O)n(c3ccc(Oc2ccc(Oc1ccc(*)cc1)cc2)cc3)c(=O)c4c5)cc6c7)cc8c(=O)n9*,0,H*BhO*BcO*Bh*BO*BO*BT,0,0,0,501.0,0,0,0
816,*c1ccc7c(c1)c(=O)c6cc(n5c(=O)c4ccc(Oc3ccc2c(=O)n(*)c(=O)c2c3)cc4c5=O)ccc67,0,H*P@O*BhO*BhT,0,0,0,633.0,0,0,0
95,*c1cccc(Cc2cccc(-n3c(=O)c4cc5c(=O)n(*)c(=O)c5cc4c3=O)c2)c1,0,H*Bnn*BC*BT,0,0,0,590.0,0,0,0
283,*c7cccc(c6cc(c4ccc(Oc3ccc(c1cc(*)nc2ccccc12)cc3)cc4)c5ccccc5n6)c7,0,H*Bcn*BO*B*Bcn*BT,0,0,0,541.0,0,0,0
122,CN(C)c2ccc([Si](*)(CCC*)c1ccccc1)cc2,0,HCCCSi#*B*B@N#CCT,0,0,0,325.0,0,0,0
149,Clc1cc(C*)ccc1C*,0,HC*B@ClCT,0,0,0,353.0,0,0,0
358,O=c8c7cccc(Oc6ccc(Oc5ccc(Oc3cccc4c(=O)n(c2ccc(Oc1ccc(*)cc1)cc2)c(=O)c34)cc5)cc6)c7c(=O)n8*,0,H*BO*B*BhO*BO*BO*BhT,0,0,0,512.0,0,0,0
80,CCCC(=O)OC(*)C*,0,HCC@*Co@*ChT,0,0,0,278.0,0,0,0
76,CC(C)OC(*)C*,0,HCC@O@*CqT,0,0,0,270.0,0,0,0
82,*c1ccc(Cc2ccc(N3C(=O)c4cccc(Sc5cccc6c5C(=O)N(*)C6=O)c4C3=O)c(C)c2)cc1C,0,H*BhS*Bh*B@CC*B@CT,0,0,0,560.0,0,0,0
817,*c7ccc(Oc6ccc(n5c(=O)c4ccc(Oc3cccc(Oc2ccc1c(=O)n(*)c(=O)c1c2)c3)cc4c5=O)cc6)cc7,0,H*BhO*BO*Bh*BO*BT,0,0,0,488.0,0,0,0
107,FC(F)(F)C(F)(*)C*,0,HCC#*FtFT,0,0,0,315.0,0,0,0
200,*c1c(C)cc(Cc2cc(C)c(N3C(=O)c4ccc(-c5ccc6c(c5)C(=O)N(*)C6=O)cc4C3=O)c(C)c2)cc1C,0,H*Bh*Bh*B#CCC*B#CCT,0,0,0,592.0,0,0,0
93,C=C(C)OC(*)C*,0,HCC@*Co@CT,0,0,0,301.0,0,0,0
271,O=c6c5cc4c(=O)n(c3cccc(Oc2cccc(Oc1cccc(*)c1)c2)c3)c(=O)c4cc5c(=O)n6*,0,H*Bnn*BO*BO*BT,0,0,0,494.0,0,0,0
195,COC(=O)c1ccc(C(*)C*)cc1,0,HCC@*B@*Co@CT,0,0,0,386.0,0,0,0
82,CCCCc1ccc(C(*)C*)cc1,0,HCC@*B@*CfT,0,0,0,279.0,0,0,0
258,Cc2cc(C(C)(C)c1cc(C)c(OC(=O)O*)c(C)c1)cc(C)c2*,0,H*B#CCC#CC*B#CC*CoOT ,0,0,0,473.0,0,0,0
59,*c1ccc(Sc2ccc(N3C(=O)c4ccc(C(=O)c5ccc6c(c5)C(=O)N(*)C6=O)cc4C3=O)cc2)cc1,0,H*BhC@O*Bh*BS*BT,0,0,0,549.0,0,0,0
121,CCOC(=O)C(C)(*)C*,0,HCC#C*Co@*CtT,0,0,0,324.0,0,0,0
18,C[Si](C)(*)CC*,0,HCCCSi#CCT,0,0,0,203.0,0,0,0
9,*c6ccc(C(C)(C)c5ccc(n4c(=O)c3ccc(Oc2ccc1c(=O)n(*)c(=O)c1c2)cc3c4=O)cc5)cc6,0,H*BhO*Bh*BC#CC*BT,0,0,0,555.0,0,0,0
295,O=C(*)Oc8cccc(C7(c5ccc(OC(=O)c4ccc(C3(c1ccc(*)cc1)OC(=O)c2ccccc23)cc4)cc5)OC(=O)c6ccccc67)c8,0,H*B*Bbo*B*Co*B*Bbo*B*CoT,0,0,0,583.0,0,0,0
162,CC(C)OC(=O)C(Cl)(*)C*,0,HCC#Cl*Co@*ChT ,0,0,0,363.0,0,0,0
72,*c1ccc(C(=O)c2ccc(C(=O)c3ccc(N4C(=O)c5ccc(C(=O)c6cccc(C(=O)c7ccc8c(c7)C(=O)N(*)C8=O)c6)cc5C4=O)cc3)cc2)cc1,0,H*BhC@O*BC@O*Bh*BC@O*BC@O*BT,0,0,0,541.0,0,0,0
120,*c1cc(N2C(=O)c3ccc(C(=O)c4ccc5c(c4)C(=O)N(*)C5=O)cc3C2=O)cc(C(F)(F)F)c1,0,H*BhC@O*Bh*B@*FtT,0,0,0,566.0,0,0,0
235,CC(C)(c1ccc(*)c(Cl)c1)c2ccc(OC(=O)O*)c(Cl)c2,0,H*B@ClC#CC*B@Cl*CoOT,0,0,0,419.0,0,0,0
1,C[Si](C)(*)O*,0,HOSi#CCT,0,0,0,152.0,0,0,0
290,O=C(c1ccc(*)cc1)c2ccccc2n6c(=O)c5ccc(C(c4ccc3c(=O)n(*)c(=O)c3c4)(C(F)(F)F)C(F)(F)F)cc5c6=O,0,H*BhC#*Ft*Ft*Bh*BC@O*BT,0,0,0,562.0,0,0,0
220,*c1cc(N2C(=O)c3ccc(-c4ccc5c(c4)C(=O)N(*)C5=O)cc3C2=O)ccc1C,0,H*Bh*Bh*B@CT,0,0,0,668.0,0,0,0
163,COc1ccc(C(*)C*)c(C)c1,0,HCC@*B#CO@CT,0,0,0,363.0,0,0,0
365,O=c8c7ccc(Oc6ccc5ccc(Oc4ccc3c(=O)n(c2ccc(C(c1ccc(*)cc1)(C(F)(F)F)C(F)(F)F)cc2)c(=O)c3c4)cc5c6)cc7c(=O)n8*,0,H*BhO*BcO*Bh*BC#*Ft*Ft*BT,0,0,0,529.0,0,0,0
825,*c8ccc(Oc7cccc(Oc6ccc(n5c(=O)c4ccc(C(=O)c3ccc(C(=O)c2ccc1c(=O)n(*)c(=O)c1c2)cc3)cc4c5=O)cc6)c7)cc8,0,H*BhC@O*BC@O*Bh*BO*BO*BT,0,0,0,650.0,0,0,0
378,O=c7c6ccc(Oc5ccc4ccc(Oc3ccc2c(=O)n(c1cc(*)cc(C(F)(F)F)c1)c(=O)c2c3)cc4c5)cc6c(=O)n7*,0,H*BhO*BcO*Bh*B@*FtT,0,0,0,508.0,0,0,0
174,Cc1cc(C*)c(C)cc1C*,0,HC*B#CCCT,0,0,0,373.0,0,0,0
100,Cc2ccc([Si](*)(CCC*)c1ccc(C)cc1)cc2,0,HCCCSi#*B@C*B@CT,0,0,0,311.0,0,0,0
81,*c1ccc(Oc2ccc(Oc3ccc(N4C(=O)c5ccc(Sc6ccc7c(c6)C(=O)N(*)C7=O)cc5C4=O)cc3)cc2)cc1,0,H*BhS*Bh*BO*BO*BT,0,0,0,515.0,0,0,0
264,O=C(c1ccc(*)cc1)c2ccccc2n8c(=O)c7ccc(Oc6ccc(Sc5ccc(Oc4ccc3c(=O)n(*)c(=O)c3c4)cc5)cc6)cc7c8=O,0,H*BhO*BS*BO*Bh*BC@O*BT,0,0,0,485.0,0,0,0
274,CC(C)(c1cc(Cl)c(*)c(Cl)c1)c2cc(Cl)c(OC(=O)O*)c(Cl)c2,0,H*B#ClClC#CC*B#ClCl*CoOT,0,0,0,503.0,0,0,0
259,O=C(c1cccc(*)c1)c8cccc(n7c(=O)c6ccc(Oc5ccc(Sc4ccc(Oc3ccc2c(=O)n(*)c(=O)c2c3)cc4)cc5)cc6c7=O)c8,0,H*BhO*BS*BO*Bh*BC@O*BT,0,0,0,473.0,0,0,0
217,CC(c1ccc(*)cc1)c2ccc(OC(=O)O*)cc2,0,H*BC@C*B*CoOT,0,0,0,403.0,0,0,0
100,*c1ccc2c(c1)Cc1cc(-n3c(=O)c4cc5c(=O)n(*)c(=O)c5cc4c3=O)ccc1-2,0,H*Bnn*PT,0,0,0,595.0,0,0,0
508,O=C(c2ccc1c(=O)n(*)c(=O)c1c2)c7ccc6c(=O)n(c5cccc(Cc4ccc(Cc3cccc(*)c3)cc4)c5)c(=O)c6c7,0,H*BC*BC*B*BhC@O*BhT,0,0,0,478.0,0,0,0
28,*c1ccc(-c2ccc(N3C(=O)c4ccc(C(=O)c5ccc6c(c5)C(=O)N(*)C6=O)cc4C3=O)cc2)cc1,0,H*BhC@O*Bh*B*BT,0,0,0,630.0,0,0,0
513,O=c8c7ccc(Oc6ccc(c5ccc(Oc4ccc3c(=O)n(c2ccc(c1ccc(*)cc1)cc2)c(=O)c3c4)cc5)cc6)cc7c(=O)n8*,0,H*B*B*BhO*B*BO*BhT,0,0,0,493.0,0,0,0
70,CC(C)CCC(*)C*,0,HCC@C@*CqT,0,0,0,259.0,0,0,0
243,*CC(*)c2ccc1ccccc1c2,0,HCC@*BcT,0,0,0,424.0,0,0,0
81,CCCCCCOc1ccc(C(*)C*)cc1,0,HCC@*B@O@*CxT,0,0,0,278.0,0,0,0
28,CCCCCCOC(*)C*,0,HCC@O@*CxT,0,0,0,209.0,0,0,0
185,N#CC(*)C*,0,HCC@C@NT,0,0,0,378.0,0,0,0
509,O=c7c6ccc(Oc5ccc(c4ccc(Oc3ccc2c(=O)n(c1ccc(*)cc1)c(=O)c2c3)cc4)cc5)cc6c(=O)n7*,0,H*B*BhO*B*BO*BhT,0,0,0,503.0,0,0,0
387,O=c7c6ccc(Oc4cccc5c(Oc3ccc2c(=O)n(c1cccc(*)c1)c(=O)c2c3)cccc45)cc6c(=O)n7*,0,H*B*BhO*BcO*BhT,0,0,0,533.0,0,0,0
136,O=C(*)CCCCCN*,0,HNCCCCCC@OT,0,0,0,335.0,0,0,0
824,*c8ccc(Oc7ccc(Oc6ccc(n5c(=O)c4ccc(C(=O)c3ccc(C(=O)c2ccc1c(=O)n(*)c(=O)c1c2)cc3)cc4c5=O)cc6)cc7)cc8,0,H*BhC@O*BC@O*Bh*BO*BO*BT,0,0,0,600.0,0,0,0
140,O=C(O*)c1cccc2c(C(=O)OCC*)cccc12,0,HCC*Co*Bc*CoT,0,0,0,344.0,0,0,0
16,CCC[Si](C)(*)O*,0,HOSi#C*ChT,0,0,0,199.0,0,0,0
62,CCOC(=O)C(*)C*,0,HC@*Co@*CtCT,0,0,0,251.0,0,0,0
57,BrC/C=C(*)\C*,0,HCC@C@C@BrT,0,0,0,241.0,0,0,0
255,CC(C)(c1ccc(O*)cc1)c4ccc(Oc3ccc(S(=O)(=O)c2ccc(*)cc2)cc3)cc4,0,H*BS#OO*BO*BC#CC*BOT,0,0,0,458.0,0,0,0
501,O=c6c5cccc(c3cccc4c(=O)n(c2ccc(Cc1ccc(*)cc1)cc2)c(=O)c34)c5c(=O)n6*,0,H*BC*B*Bh*BhT,0,0,0,584.0,0,0,0
68,*c1cccc2c(N3C(=O)c4ccc(C(c5ccc6c(c5)C(=O)N(*)C6=O)(C(F)(F)F)C(F)(F)F)cc4C3=O)cccc12,0,H*BhC#*Ft*Ft*Bh*BcT,0,0,0,616.0,0,0,0
96,O=C(CCl)OC(*)C*,0,HCC@*Co@C@ClT ,0,0,0,304.0,0,0,0
372,Cc8cc(Cc7cc(C)c(n6c(=O)c5ccc(Oc3cccc4c(Oc2ccc1c(=O)n(*)c(=O)c1c2)cccc34)cc5c6=O)c(C)c7)cc(C)c8*,0,H*BhO*BcO*Bh*B#CCC*B#CCT,0,0,0,554.0,0,0,0
34,CCCCCCOC(=O)C(*)C*,0,HC@*Co@*CxCT,0,0,0,216.0,0,0,0
297,O=C(*)Nc6ccc(Oc5ccc(NC(=O)c4ccc(C3(c1ccc(*)cc1)OC(=O)c2ccccc23)cc4)cc5)cc6,0,H*B*Bbo*BC@ON*BO*BNC@OT,0,0,0,593.0,0,0,0
111,Cc1cc(*)ccc1Cc6ccc(n5c(=O)c4ccc(Oc3ccc2c(=O)n(*)c(=O)c2c3)cc4c5=O)cc6C,0,H*BhO*Bh*B@CC*BCT,0,0,0,542.0,0,0,0
294,*c8ccc(c7ccc(c6cc(c1ccccc1)c5cc(Oc4ccc3nc(*)cc(c2ccccc2)c3c4)ccc5n6)cc7)cc8,0,H*Bcn@*BO*Bcn@*B*B*BT,0,0,0,581.0,0,0,0
182,CC(*)(C*)C(=O)OC1CCCCC1,0,HCC#C*Co@*HT,0,0,0,377.0,0,0,0
360,O=c7c6cccc(Oc5ccc(Oc4ccc(Oc2cccc3c(=O)n(c1cccc(*)c1)c(=O)c23)cc4)cc5)c6c(=O)n7*,0,H*B*BhO*BO*BO*BhT,0,0,0,505.0,0,0,0
45,*c1cccc(C(=O)c2ccc(C(=O)c3cccc(N4C(=O)c5ccc(C(=O)c6ccc7c(c6)C(=O)N(*)C7=O)cc5C4=O)c3)cc2)c1,0,H*BhC@O*Bh*BC@O*BC@O*BT,0,0,0,531.0,0,0,0
828,*c7ccc(Oc6ccc(Oc5ccc(n4c(=O)c3ccc(c2ccc1c(=O)n(*)c(=O)c1c2)cc3c4=O)cc5)cc6)cc7,0,H*Bh*Bh*BO*BO*BT,0,0,0,530.0,0,0,0
268,O=S(=O)(c1ccc(*)cc1)c4ccc(Oc3ccc(S(=O)(=O)c2ccc(O*)cc2)cc3)cc4,0,HO*BS#OO*BO*BS#OO*BT,0,0,0,493.0,0,0,0
224,*c1cc(N2C(=O)c3ccc(C(c4ccc5c(c4)C(=O)N(*)C5=O)(C(F)(F)F)C(F)(F)F)cc3C2=O)cc(C(F)(F)F)c1,0,H*BhC#*Ft*Ft*Bh*B@*FtT,0,0,0,557.0,0,0,0
369,O=c7c6cccc(Oc5cccc(Oc3cccc4c(=O)n(c2ccc(Oc1ccc(*)cc1)cc2)c(=O)c34)c5)c6c(=O)n7*,0,H*BO*B*BhO*BO*BhT,0,0,0,499.0,0,0,0
280,C=C(O*)Oc2c(Br)cc(C(C)(C)c1cc(Br)c(*)c(Br)c1)cc2Br,0,H*B#BrBrC#CC*B#BrBr*CoOT,0,0,0,523.0,0,0,0
176,*CC(*)c1ccccc1,0,HC@*BCT,0,0,0,373.0,0,0,0
183,*CC(*)c1ccccn1,0,HC@*NbCT,0,0,0,377.0,0,0,0
156,CCOc1ccc(C(*)C*)cc1,0,HCC@*B@O@*CtT,0,0,0,359.0,0,0,0
39,*c1cccc(C(=O)c2cccc(N3C(=O)c4ccc(C(=O)c5ccc6c(c5)C(=O)N(*)C6=O)cc4C3=O)c2)c1,0,H*BhC@O*Bh*BC@O*BT,0,0,0,529.0,0,0,0
311,O=C(c1ccc(*)cc1)c5ccc(n4c(=O)c3cc2c(=O)n(*)c(=O)c2cc3c4=O)cc5,0,H*Bnn*BC@O*BT,0,0,0,685.0,0,0,0
223,*c1cccc(N2C(=O)c3ccc(C(c4ccc5c(c4)C(=O)N(*)C5=O)(C(F)(F)F)C(F)(F)F)cc3C2=O)c1C,0,H*BhC#*Ft*Ft*Bh*B@CT,0,0,0,626.0,0,0,0
53,*c1ccc(N2C(=O)c3ccc(C(=O)c4ccc5c(c4)C(=O)N(*)C5=O)cc3C2=O)cc1,0,H*BhC@O*Bh*BT,0,0,0,606.0,0,0,0
52,FC(F)(*)CC*,0,HC*FwT,0,0,0,233.0,0,0,0
253,CC(c1ccccc1)(c2ccc(*)cc2)c3ccc(OC(=O)O*)cc3,0,H*BC#C*B*B*CoOT,0,0,0,449.0,0,0,0
22,O=C(*)CCCCC(=O)OCCCCO*,0,HOCCCC*CoCCCCC@OT,0,0,0,205.0,0,0,0
286,*c9cccc(c7nc1ccccc1c(c6ccc(Oc5ccc(c3c(c2ccccc2)c(*)nc4ccccc34)cc5)cc6)c7c8ccccc8)c9,0,H*Bcn@*B*BO*B*Bcn@*B*BT,0,0,0,546.0,0,0,0
16,*c1ccc(S(=O)(=O)c2ccc(N3C(=O)c4ccc(Oc5ccc(Oc6ccc7c(c6)C(=O)N(*)C7=O)cc5)cc4C3=O)cc2)cc1,0,H*BhO*BO*Bh*BS#OO*BT,0,0,0,557.0,0,0,0
47,CCC(*)C*,0,HC@*CtCT,0,0,0,228.0,0,0,0
199,O=C(O*)Oc2ccc(Sc1ccc(*)cc1)cc2,0,H*BS*BO*CoT,0,0,0,388.0,0,0,0
90,*c1ccc(C(=O)c2ccc(-n3c(=O)c4cc5c(=O)n(*)c(=O)c5cc4c3=O)cc2)cc1,0,H*Bnn*BC@O*BT,0,0,0,678.0,0,0,0
76,*c1ccc(Oc2ccc(N3C(=O)c4cccc(Sc5cccc6c5C(=O)N(*)C6=O)c4C3=O)cc2)cc1,0,H*BhS*Bh*BO*BT,0,0,0,564.0,0,0,0
191,*c1cc(N2C(=O)c3ccc(C(=O)c4ccc5c(c4)C(=O)N(*)C5=O)cc3C2=O)ccc1C,0,H*BhC@O*Bh*B@CT,0,0,0,587.0,0,0,0
21,*CCCCCCO*,0,HOCCCCCCT,0,0,0,204.0,0,0,0
208,Cc1ccc(C(C)(*)C*)cc1,0,HCC#C*B@CT,0,0,0,394.0,0,0,0
15,CC/C(=C/C*)C*,0,HCC@*CtCCT,0,0,0,197.0,0,0,0
309,O=c5c4cc3c(=O)n(c2cccc(Oc1cccc(*)c1)c2)c(=O)c3cc4c(=O)n5*,0,H*Bnn*BO*BT,0,0,0,672.0,0,0,0
170,*c1ccc(Cc2ccc(N3C(=O)c4ccc(-c5ccc6c(c5)C(=O)N(*)C6=O)cc4C3=O)cc2)cc1,0,H*Bh*Bh*BC*BT,0,0,0,573.0,0,0,0
55,CC(C)CCCC(*)C*,0,HCC@C@C@*CqT,0,0,0,239.0,0,0,0
52,*c1ccc(Oc2ccc(Oc3ccc(N4C(=O)c5cccc(C(=O)c6cccc7c6C(=O)N(*)C7=O)c5C4=O)cc3)cc2)cc1,0,H*BhC@O*Bh*BO*BO*BT,0,0,0,551.0,0,0,0
374,Cc8cc(Cc7cc(C)c(n6c(=O)c5ccc(Oc4ccc3ccc(Oc2ccc1c(=O)n(*)c(=O)c1c2)cc3c4)cc5c6=O)c(C)c7)cc(C)c8*,0,H*B#CCC*B#CC*BhO*BcO*BhT,0,0,0,545.0,0,0,0
128,*c1ccc(Cc2ccc(N3C(=O)c4ccc(Sc5ccc6c(c5)C(=O)N(*)C6=O)cc4C3=O)cc2)cc1,0,H*BhS*Bh*BC*BT,0,0,0,538.0,0,0,0
304,*c%10ccc(c9ccc(c7nc5ccc(Oc4ccc3nc(*)c(c1ccccc1)c(c2ccccc2)c3c4)cc5c(c6ccccc6)c7c8ccccc8)cc9)cc%10,0,H*Bcn#*B*BO*Bcn#*B*B*B*BT,0,0,0,624.0,0,0,0
390,O=c7c6ccc(Oc5ccc4ccc(Oc3ccc2c(=O)n(c1cccc(*)c1)c(=O)c2c3)cc4c5)cc6c(=O)n7*,0,H*BhO*BcO*Bh*BT,0,0,0,527.0,0,0,0
73,*c1ccc(N2C(=O)c3cccc(Sc4cccc5c4C(=O)N(*)C5=O)c3C2=O)cc1,0,H*BhS*Bh*BT,0,0,0,603.0,0,0,0
195,*c1ccc(Cc2ccc(N3C(=O)c4ccc(-c5ccc6c(c5)C(=O)N(*)C6=O)cc4C3=O)cc2Cl)c(Cl)c1,0,H*Bh*Bh*B@ClC*B@ClT,0,0,0,562.0,0,0,0
205,Clc1ccc(Cl)c(C(*)C*)c1,0,HCC@*B#ClClT,0,0,0,393.0,0,0,0
96,*c1ccc(C(c2ccc(-n3c(=O)c4cc5c(=O)n(*)c(=O)c5cc4c3=O)cc2)(C(F)(F)F)C(F)(F)F)cc1,0,H*Bnn*BC#*Ft*Ft*BT,0,0,0,618.0,0,0,0
389,O=c7c6ccc(Oc5ccc4cc(Oc3ccc2c(=O)n(c1cccc(*)c1)c(=O)c2c3)ccc4c5)cc6c(=O)n7*,0,H*BhO*BcO*Bh*BT,0,0,0,503.0,0,0,0
4,C[Si](*)(O*)c1ccccc1,0,HOSi#C*BT,0,0,0,187.0,0,0,0
203,Clc1ccccc1C(*)C*,0,HCC@*B@ClT,0,0,0,392.0,0,0,0
98,CCCOC(=O)C(C)(*)C*,0,HCC#C*Co@*ChT,0,0,0,308.0,0,0,0
380,CC(C)(c1ccc(*)cc1)c9ccc(C(C)(C)c8ccc(n7c(=O)c6ccc(Oc5ccc4cc(Oc3ccc2c(=O)n(*)c(=O)c2c3)ccc4c5)cc6c7=O)cc8)cc9,0,H*BC#CC*BC#CC*B*BhO*BcO*BhT,0,0,0,519.0,0,0,0
273,O=c2c1ccc(*)cc1c(=O)n2c7cccc(n6c(=O)c5ccc(Oc4ccc(Oc3ccc(O*)cc3)cc4)cc5c6=O)c7,0,HO*BO*BO*Bh*B*BhT,0,0,0,500.0,0,0,0
8,*c1ccc(Oc2cccc(Oc3ccc(N4C(=O)c5ccc(Oc6ccc7c(c6)C(=O)N(*)C7=O)cc5C4=O)cc3)c2)cc1,0,H*BhO*Bh*BO*BO*BT,0,0,0,497.0,0,0,0
163,*c1ccc(Oc2cccc(Oc3ccc(N4C(=O)c5ccc(C(c6ccc7c(c6)C(=O)N(*)C7=O)(C(F)(F)F)C(F)(F)F)cc5C4=O)cc3)c2)cc1,0,H*BhC#*Ft*Ft*Bh*BO*BO*BT,0,0,0,508.0,0,0,0
328,O=c8c7ccc(Oc6ccc(Oc5ccc(Oc4ccc3c(=O)n(c2ccc(Oc1ccc(*)cc1)cc2)c(=O)c3c4)cc5)cc6)cc7c(=O)n8*,0,H*BO*B*BhO*BO*BO*BhT,0,0,0,488.0,0,0,0
7,C[Si](C)(*)N*,0,HNSi#CCT,0,0,0,191.0,0,0,0
183,*c1cccc(Oc2cccc(-n3c(=O)c4cc5c(=O)n(*)c(=O)c5cc4c3=O)c2)c1,0,H*Bnn*BO*BT,0,0,0,560.0,0,0,0
46,CC(*)S*,0,HSC@CT,0,0,0,226.0,0,0,0
263,O=c2c1ccc(*)cc1c(=O)n2c7cccc(n6c(=O)c5ccc(Oc4ccc(Sc3ccc(O*)cc3)cc4)cc5c6=O)c7,0,HO*BS*BO*Bh*B*BhT,0,0,0,482.0,0,0,0
238,O=C(*)c1ccc(O*)cc1,0,HO*BC@OT,0,0,0,420.0,0,0,0
94,CC(C)CC(*)C*,0,HCC@*CqT,0,0,0,302.0,0,0,0
144,ClC(*)C*,0,HCC@ClT,0,0,0,348.0,0,0,0
215,*c1ccc(Cc2ccc(N3C(=O)c4ccc(C(=O)c5ccc6c(c5)C(=O)N(*)C6=O)cc4C3=O)c(C)c2)cc1C,0,H*BhC@O*Bh*B@CC*B@CT,0,0,0,546.0,0,0,0
91,*c1cccc(C(=O)c2cccc(-n3c(=O)c4cc5c(=O)n(*)c(=O)c5cc4c3=O)c2)c1,0,H*Bnn*BC@O*BT,0,0,0,593.0,0,0,0
209,*c1ccc(Oc2ccc3ccc(Oc4ccc(N5C(=O)c6ccc(Oc7ccc(C(C)(C)c8ccc(Oc9ccc%10c(c9)C(=O)N(*)C%10=O)cc8)cc7)cc6C5=O)cc4)cc3c2)cc1,0,H*BhO*BC#CC*BO*Bh*BO*BcO*BT,0,0,0,481.0,0,0,0
213,Clc1ccc(C(*)C*)cc1Cl,0,HCC@*B#ClClT,0,0,0,401.0,0,0,0
89,COCOC(=O)C(C)(*)C*,0,HCC#C*Co@C@O@CT,0,0,0,293.0,0,0,0
125,*c1cccc(C(c2cccc(N3C(=O)c4ccc(C(c5ccc6c(c5)C(=O)N(*)C6=O)(C(F)(F)F)C(F)(F)F)cc4C3=O)c2)(C(F)(F)F)C(F)(F)F)c1,0,H*BhC#*Ft*Ft*Bh*BC#*Ft*Ft*BT,0,0,0,527.0,0,0,0
65,*c1ccc(N2C(=O)c3ccc(C(c4ccc5c(c4)C(=O)N(*)C5=O)(C(F)(F)F)C(F)(F)F)cc3C2=O)cc1,0,H*BhC#*Ft*Ft*Bh*BT,0,0,0,604.0,0,0,0
41,*c1ccc(C(=O)c2ccc(C(=O)c3ccc(N4C(=O)c5ccc(C(=O)c6ccc7c(c6)C(=O)N(*)C7=O)cc5C4=O)cc3)cc2)cc1,0,H*BhC@O*Bh*BC@O*BC@O*BT,0,0,0,555.0,0,0,0
814,*c6ccc(Cc5ccc(n4c(=O)c3ccc(Oc2ccc1c(=O)n(*)c(=O)c1c2)cc3c4=O)c(Cl)c5)cc6Cl,0,H*BhO*Bh*B@ClC*B@ClT,0,0,0,508.0,0,0,0
180,*c1cccc(N2C(=O)c3ccc(Oc4ccc(C(C)(C)c5ccc(Oc6ccc7c(c6)C(=O)N(*)C7=O)cc5)cc4)cc3C2=O)c1,0,H*BO*BC#CC*BO*Bh*BT,0,0,0,492.0,0,0,0
228,CCC(C)(c1ccc(*)c(Cl)c1)c2ccc(OC(=O)O*)c(Cl)c2,0,H*B@ClC#C*Ct*B@Cl*CoOT,0,0,0,415.0,0,0,0
517,O=c8c7ccc(Oc6ccc(Sc5ccc(Oc4ccc3c(=O)n(c2ccc(Oc1ccc(*)cc1)cc2)c(=O)c3c4)cc5)cc6)cc7c(=O)n8*,0,H*BO*B*BhO*BS*BO*BhT,0,0,0,467.0,0,0,0
67,*c1ccc(-c2ccc(N3C(=O)c4ccc(C(c5ccc6c(c5)C(=O)N(*)C6=O)(C(F)(F)F)C(F)(F)F)cc4C3=O)cc2)cc1,0,H*BhC#*Ft*Ft*Bh*B*BT,0,0,0,613.0,0,0,0
40,CC(CCO*)CCC(=O)*,0,HOCCC@CCC@OT,0,0,0,220.0,0,0,0
29,COC(C*)O*,0,HOC@O@CCT,0,0,0,211.0,0,0,0
214,O=c2c1ccc(*)cc1c(=O)n2CCCCCCn6c(=O)c5ccc(Oc4ccc(Oc3ccc(O*)cc3)cc4)cc5c6=O,0,HO*BO*BO*BhCCCCCC*BhT,0,0,0,401.0,0,0,0
118,O=C(*)CCCCCCCN*,0,HNCCCCCCCC@OT,0,0,0,324.0,0,0,0
386,O=c%10c9ccc(Oc2cc1ccccc1cc2Oc8ccc7c(=O)n(c6ccc(Oc5ccc(c4ccc(Oc3ccc(*)cc3)cc4)cc5)cc6)c(=O)c7c8)cc9c(=O)n%10*,0,H*BhO*BcO*Bh*BO*B*BO*BT,0,0,0,500.0,0,0,0
170,CCOC(=O)C(Cl)(*)C*,0,HCC#Cl*Co@CtT,0,0,0,366.0,0,0,0
377,O=c7c6ccc(Oc2cc1ccccc1cc2Oc5ccc4c(=O)n(c3cc(*)cc(C(F)(F)F)c3)c(=O)c4c5)cc6c(=O)n7*,0,H*BhO*BcO*Bh*B@*FtT,0,0,0,523.0,0,0,0
50,*c6ccc(Oc5ccc(n4c(=O)c3cccc(C(=O)c2ccc1c(=O)n(*)c(=O)c1c2)c3c4=O)cc5)cc6,0,H*BhC@O*Bh*BO*BT,0,0,0,584.0,0,0,0
42,*c1ccc(Oc2ccc(Oc3ccc(N4C(=O)c5ccc(C(=O)c6ccc7c(c6)C(=O)N(*)C7=O)cc5C4=O)cn3)cc2)nc1,0,H*BhC@O*Bh*NbO*BO*NbT,0,0,0,517.0,0,0,0
19,*CCCCCCCCO*,0,HOCCCCCCCCT,0,0,0,203.0,0,0,0
171,C[Si](*)(*)C1CCCCC1,0,HSi#C*HT,0,0,0,366.0,0,0,0
58,O=C(*)CCC(=O)OCCO*,0,HOCC*CoCCCCCCCCC@OT,0,0,0,243.0,0,0,0
287,O=C(O*)Oc4ccc(c1ccccc1Cc2ccccc2c3ccc(*)cc3)cc4,0,H*B*BC*B*BOC@COT,0,0,0,548.0,0,0,0
129,*c1ccc(Cc2ccc(N3C(=O)c4ccc(S(=O)(=O)c5ccc6c(c5)C(=O)N(*)C6=O)cc4C3=O)cc2)cc1,0,H*BhS#OO*Bh*BC*BT,0,0,0,577.0,0,0,0
401,CC(C)(c1ccc(*)cc1)c8ccc(n7c(=O)c6ccc(Oc5ccc4cc(Oc3ccc2c(=O)n(*)c(=O)c2c3)ccc4c5)cc6c7=O)cc8,0,H*BC#CC*B*BhO*BcO*BhT,0,0,0,509.0,0,0,0
132,*c1cc(Cl)cc(N2C(=O)c3ccc(C(c4ccc5c(c4)C(=O)N(*)C5=O)(C(F)(F)F)C(F)(F)F)cc3C2=O)c1,0,H*BhC#*Ft*Ft*Bh*B@ClT,0,0,0,550.0,0,0,0
191,CC(C)(C)OC(=O)C(C)(*)C*,0,HCC#C@Co@CkT,0,0,0,380.0,0,0,0
26,*c1ccc(Oc2ccc(N3C(=O)c4ccc(C(=O)c5ccc6c(c5)C(=O)N(*)C6=O)cc4C3=O)cc2)cc1,0,H*BhC@O*Bh*BO*BT,0,0,0,552.0,0,0,0
164,*CC(*)C1CCCCC1,0,HC@*HT,0,0,0,410.0,0,0,0
161,COc1ccc(C(*)C*)cc1,0,HCC@*B@O@CT,0,0,0,362.0,0,0,0
85,*c1ccc(Oc2ccc(-n3c(=O)c4cc5c(=O)n(*)c(=O)c5cc4c3=O)cc2)cc1,0,H*Bnn*BO*BT,0,0,0,656.0,0,0,0
244,*c1cc2c(cc1C)-c1cc(C)c(N3C(=O)c4ccc(C(c5ccc6c(c5)C(=O)N(*)C6=O)(C(F)(F)F)C(F)(F)F)cc4C3=O)cc1S2(=O)=O,0,H*BhC#*Ft*Ft*Bh*PT,0,0,0,763.0,0,0,0
158,*Sc1ccc(*)cc1,0,H*BST,0,0,0,360.0,0,0,0
520,O=c8c7ccc(Oc6ccc(Sc5ccc(Oc4ccc3c(=O)n(c2ccc(Sc1ccc(*)cc1)cc2)c(=O)c3c4)cc5)cc6)cc7c(=O)n8*,0,H*BS*B*BhO*BS*BO*BhT,0,0,0,459.0,0,0,0
236,O=C(c1ccc(*)cc1)c3ccc(Oc2ccc(O*)cc2)cc3,0,HO*BO*BC@O*BT,0,0,0,419.0,0,0,0
54,*c1cccc(N2C(=O)c3ccc(C(=O)c4ccc5c(c4)C(=O)N(*)C5=O)cc3C2=O)c1,0,H*BhC@O*Bh*BT,0,0,0,574.0,0,0,0
375,Cc8cc(c7cc(C)c(n6c(=O)c5ccc(Oc2cc1ccccc1cc2Oc4ccc3c(=O)n(*)c(=O)c3c4)cc5c6=O)c(C)c7)cc(C)c8*,0,H*B#CC*B#CC*BhO*BcO*BhT,0,0,0,581.0,0,0,0
159,CC(C)c1ccc(C(*)C*)cc1,0,HCC@*B@*ChT,0,0,0,360.0,0,0,0
206,CC(*)(C*)C(=O)Oc1ccccc1,0,HCC#C*Co@*BT ,0,0,0,393.0,0,0,0
257,*c1ccc2c(c1)C(=O)c1cc(N3C(=O)c4ccc(C(c5ccc6c(c5)C(=O)N(*)C6=O)(C(F)(F)F)C(F)(F)F)cc4C3=O)ccc1-2,0,H*BhC#*Ft*Ft*Bh*P@OT,0,0,0,649.0,0,0,0
261,CC(C)(c1ccc(*)cc1)c3ccc(OC(=O)c2ccc(C(=O)O*)cc2)cc3,0,H*Co*B*Co*BC#CC*BT,0,0,0,478.0,0,0,0
10,CCCCOC(C*)O*,0,HOC@O@*CfCT,0,0,0,194.0,0,0,0
117,O=C(*)CCCCCCCCN*,0,HNCCCCCCCCC@OT,0,0,0,324.0,0,0,0
143,CCC(C)OC(=O)C(Cl)(*)C*,0,HCC#Cl*Co@*CfT,0,0,0,347.0,0,0,0
247,OCc1ccccc1C(*)C*,0,HCC@*B@C@OT,0,0,0,433.0,0,0,0
13,*c1ccc(Oc2ccc(Oc3ccc(N4C(=O)c5cccc(Oc6cccc7c6C(=O)N(*)C7=O)c5C4=O)cc3)cc2)cc1,0,H*BhO*Bh*BO*BO*BT,0,0,0,531.0,0,0,0
832,*c6ccc(S(=O)(=O)c5ccc(n4c(=O)c3ccc(C(=O)c2ccc1c(=O)n(*)c(=O)c1c2)cc3c4=O)cc5)cc6,0,H*BhC@O*Bh*BS#OO*BT,0,0,0,589.0,0,0,0
222,*c1ccc(Cc2ccc(N3C(=O)c4ccc(C(c5ccc6c(c5)C(=O)N(*)C6=O)(C(F)(F)F)C(F)(F)F)cc4C3=O)c(C)c2)cc1C,0,H*BhC#*Ft*Ft*Bh*B@CC*B@CT,0,0,0,560.0,0,0,0
300,O=C(c2ccc1c(=O)n(*)c(=O)c1c2)c5ccc4c(=O)n(c3ccc(*)cc3)c(=O)c4c5,0,H*B*BhC@O*BhT,0,0,0,606.0,0,0,0
282,*c8ccc(Oc7ccc(c6cc(c1ccccc1)c5cc(Oc4ccc3nc(*)cc(c2ccccc2)c3c4)ccc5n6)cc7)cc8,0,H*Bcn@*BO*Bcn@*B*BO*BT,0,0,0,539.0,0,0,0
78,CSC(*)C*,0,HCC@S@CT,0,0,0,272.0,0,0,0
362,O=c8c7ccc(Oc5cccc6c(Oc4ccc3c(=O)n(c2ccc(C(c1ccc(*)cc1)(C(F)(F)F)C(F)(F)F)cc2)c(=O)c3c4)cccc56)cc7c(=O)n8*,0,H*BC#*Ft*Ft*B*BhO*BcO*BhT,0,0,0,549.0,0,0,0
519,O=c8c7ccc(Oc6ccc(c5ccc(Oc4ccc3c(=O)n(c2ccc(Sc1ccc(*)cc1)cc2)c(=O)c3c4)cc5)cc6)cc7c(=O)n8*,0,H*BS*B*BhO*B*BO*BhT,0,0,0,478.0,0,0,0
24,CC(C*)O*,0,HOC@CCT,0,0,0,206.0,0,0,0
516,O=c8c7ccc(Oc6ccc(c5ccc(Oc4ccc3c(=O)n(c2ccc(Oc1ccc(*)cc1)cc2)c(=O)c3c4)cc5)cc6)cc7c(=O)n8*,0,H*BO*B*BhO*B*BO*BhT,0,0,0,484.0,0,0,0
272,Cc3cc(C(C)(C)c2cc(C)c(OC(=O)c1ccc(C(=O)O*)cc1)c(C)c2)cc(C)c3*,0,H*B#CCC#CC*B#CC*Co*B*CoT,0,0,0,498.0,0,0,0
126,CCCCOC(=O)C(Cl)(*)C*,0,HCC#Cl*Co@*CfT,0,0,0,330.0,0,0,0
260,*c1cc2c(cc1C)-c1cc(C)c(N3C(=O)c4ccc(S(=O)(=O)c5ccc6c(c5)C(=O)N(*)C6=O)cc4C3=O)cc1S2(=O)=O,0,H*BhS#OO*Bh*PT,0,0,0,763.0,0,0,0
177,CC(C)(c1ccc(O*)cc1)c2ccc(OCC(O)C*)cc2,0,HO*BC#CC*BOCC@OCT,0,0,0,373.0,0,0,0
66,*c1ccc(S(=O)(=O)c2ccc(N3C(=O)c4ccc(C(c5ccc6c(c5)C(=O)N(*)C6=O)(C(F)(F)F)C(F)(F)F)cc4C3=O)cc2)cc1,0,H*BhC#*Ft*Ft*Bh*BS#OO*BT,0,0,0,607.0,0,0,0
193,Cc1ccc(F)c(C(*)C*)c1,0,HCC@*B#CFT,0,0,0,384.0,0,0,0
12,*CCCO*,0,HOCCCT,0,0,0,195.0,0,0,0
31,CCCCCCOC(=O)C(*)C*,0,HC@*Co@*CxCT,0,0,0,213.0,0,0,0
135,*CC(C*)c1ccccc1,0,HCC@*BCT,0,0,0,333.0,0,0,0
153,OC(*)C*,0,HCC@OT,0,0,0,358.0,0,0,0
79,*c1ccc(Oc2ccc(Oc3ccc(N4C(=O)c5cccc(Sc6cccc7c6C(=O)N(*)C7=O)c5C4=O)cc3)cc2)cc1,0,H*BhS*Bh*BO*BO*BT,0,0,0,536.0,0,0,0
400,CC(C)(c1ccc(*)cc1)c8ccc(n7c(=O)c6ccc(Oc4cccc5c(Oc3ccc2c(=O)n(*)c(=O)c2c3)cccc45)cc6c7=O)cc8,0,H*BhO*BcO*Bh*BC#CC*BT,0,0,0,538.0,0,0,0
252,O=C(O*)Oc2ccc(C(c1ccc(*)cc1)(C(F)(F)F)C(F)(F)F)cc2,0,H*BC#*Ft*Ft*B*CoOT,0,0,0,449.0,0,0,0
99,O=C(*)CCCCCCCCCCCN*,0,HNCCCCCCCCCCCC@OT,0,0,0,310.0,0,0,0
269,CC(C)(c1ccc(*)cc1)c7ccc(Oc6ccc5c(=O)n(c4cccc(n3c(=O)c2ccc(*)cc2c3=O)c4)c(=O)c5c6)cc7,0,H*Bh*B*BhO*BC#CC*BT,0,0,0,493.0,0,0,0
51,*c7ccc(Oc6ccc(Oc5ccc(n4c(=O)c3cccc(C(=O)c2ccc1c(=O)n(*)c(=O)c1c2)c3c4=O)cc5)cc6)cc7,0,H*BhC@O*Bh*BO*BO*BT,0,0,0,541.0,0,0,0
172,*c1cccc(S(=O)(=O)c2cccc(N3C(=O)c4ccc(-c5ccc6c(c5)C(=O)N(*)C6=O)cc4C3=O)c2)c1,0,H*Bh*Bh*BS#OO*BT,0,0,0,565.0,0,0,0
515,O=c8c7ccc(Oc6ccc(Sc5ccc(Oc4ccc3c(=O)n(c2ccc(c1ccc(*)cc1)cc2)c(=O)c3c4)cc5)cc6)cc7c(=O)n8*,0,H*B*B*BhO*BS*BO*BhT,0,0,0,479.0,0,0,0
61,*c1ccc(Oc2ccc(Oc3ccc(N4C(=O)c5ccc(C(c6ccc7c(c6)C(=O)N(*)C7=O)(C(F)(F)F)C(F)(F)F)cc5C4=O)cc3)cc2)cc1,0,H*BhC#*Ft*Ft*Bh*BO*BO*BT,0,0,0,525.0,0,0,0
139,CCCOC(=O)C(Cl)(*)C*,0,HCC#Cl*Co@*ChT,0,0,0,344.0,0,0,0
173,*c1cc(C)c(-c2c(C)cc(N3C(=O)c4ccc(C(c5ccc6c(c5)C(=O)N(*)C6=O)(C(F)(F)F)C(F)(F)F)cc4C3=O)cc2C)c(C)c1,0,H*BhC#*Ft*Ft*B#CC*B#CCT,0,0,0,619.0,0,0,0
507,O=C(c2ccc1c(=O)n(*)c(=O)c1c2)c7ccc6c(=O)n(c5ccc(Oc4cccc(Oc3ccc(*)cn3)c4)nc5)c(=O)c6c7,0,H*NbO*BO*Nb*BhC@O*BhT,0,0,0,538.0,0,0,0
114,CCCCOc1ccc(C(*)C*)cc1,0,HCC@*B@O@*CfT,0,0,0,320.0,0,0,0
101,*c1ccc(Sc2ccc(-n3c(=O)c4cc5c(=O)n(*)c(=O)c5cc4c3=O)cn2)nc1,0,H*Bnn*NbS*NbT,0,0,0,632.0,0,0,0
805,*c6ccc(C(=O)c5ccc(n4c(=O)c3ccc(Oc2ccc1c(=O)n(*)c(=O)c1c2)cc3c4=O)cc5)cc6,0,H*BhO*Bh*BC@O*BT,0,0,0,563.0,0,0,0
239,*c1ccc(Cc2ccc(N3C(=O)c4ccc(-c5ccc6c(c5)C(=O)N(*)C6=O)cc4C3=O)c(Cl)c2Cl)c(Cl)c1Cl,0,H*Bh*Bh*B#ClClC*B#ClClT,0,0,0,577.0,0,0,0
804,*c6ccc(S(=O)(=O)c5ccc(n4c(=O)c3ccc(S(=O)(=O)c2ccc1c(=O)n(*)c(=O)c1c2)cc3c4=O)cc5)cc6,0,H*BhS#OO*Bh*BS#OO*BT,0,0,0,773.0,0,0,0
253,*c1ccc(N(c2ccccc2)c2ccc(N3C(=O)c4ccc(-c5ccc6c(c5)C(=O)N(*)C6=O)cc4C3=O)cc2)cc1,0,H*Bh*Bh*BN@*B*BT,0,0,0,603.0,0,0,0
518,O=c7c6ccc(Oc5ccc(Oc4ccc3c(=O)n(c2ccc(Sc1ccc(*)cc1)cc2)c(=O)c3c4)cc5)cc6c(=O)n7*,0,H*BS*B*BhO*BO*BhT,0,0,0,474.0,0,0,0
248,COC(=O)C(*)(C#N)C*,0,HCC#C@N*Co@CT,0,0,0,433.0,0,0,0
2,*c1ccc(S(=O)(=O)c2ccc(N3C(=O)c4ccc(Oc5ccc6c(c5)C(=O)N(*)C6=O)cc4C3=O)cc2)cc1,0,H*BhO*Bh*BS#OO*BT,0,0,0,566.0,0,0,0
227,*CC(*)c1ccncc1,0,HC@*NbCT,0,0,0,415.0,0,0,0
212,OCc1cccc(C(*)C*)c1,0,HCC@*B@C@OT,0,0,0,398.0,0,0,0
112,CCCCNC(=O)C(*)CC*,0,HCCC@C#ON@*CfT,0,0,0,319.0,0,0,0
23,*CCO*,0,HOCCT,0,0,0,206.0,0,0,0
510,O=c7c6ccc(Oc5ccc(Oc4ccc(Oc3ccc2c(=O)n(c1ccc(*)cc1)c(=O)c2c3)cc4)cc5)cc6c(=O)n7*,0,H*B*BhO*BO*BO*BhT,0,0,0,483.0,0,0,0
512,O=c7c6ccc(Oc5ccc(Oc4ccc3c(=O)n(c2ccc(c1ccc(*)cc1)cc2)c(=O)c3c4)cc5)cc6c(=O)n7*,0,H*B*B*BhO*BO*BhT,0,0,0,495.0,0,0,0
56,CC(CCCC(C)C(=O)*)O*,0,HOC@CCCCC@CC@OT,0,0,0,240.0,0,0,0
117,*c1cc(C)c(N2C(=O)c3ccc(C(c4ccc5c(c4)C(=O)N(*)C5=O)(C(F)(F)F)C(F)(F)F)cc3C2=O)cc1C,0,H*BhC#*Ft*Ft*Bh*B#CCT,0,0,0,616.0,0,0,0
105,*c1cc(C(=O)O)cc(N2C(=O)c3ccc(Oc4ccc(Oc5ccc6c(c5)C(=O)N(*)C6=O)cc4)cc3C2=O)c1,0,H*BhO*BO*Bh*B@C#OOT,0,0,0,559.0,0,0,0
189,*c1cc(C(c2ccc(C)c(N3C(=O)c4ccc(C(c5ccc6c(c5)C(=O)N(*)C6=O)(C(F)(F)F)C(F)(F)F)cc4C3=O)c2)(C(F)(F)F)C(F)(F)F)ccc1C,0,H*BhC#*Ft*Ft*Bh*B@CC#*Ft*Ft*B@CT,0,0,0,539.0,0,0,0
197,*c1ccc(S(=O)(=O)c2ccc(S(=O)(=O)c3ccc(N4C(=O)c5ccc(C(c6ccc7c(c6)C(=O)N(*)C7=O)(C(F)(F)F)C(F)(F)F)cc5C4=O)cc3)cc2)cc1,0,H*BhC#*Ft*Ft*Bh*BS#OO*BS#OO*BT,0,0,0,604.0,0,0,0
823,*c7ccc(Oc6ccc(n5c(=O)c4ccc(C(=O)c3ccc(C(=O)c2ccc1c(=O)n(*)c(=O)c1c2)cc3)cc4c5=O)cc6)cc7,0,H*BhC@O*BC@O*Bh*BO*BT,0,0,0,535.0,0,0,0
90,CCCOCc1ccc(C(*)C*)cc1,0,HCC@*B@C@O@*ChT,0,0,0,295.0,0,0,0
97,*c1cccc(C(c2cccc(-n3c(=O)c4cc5c(=O)n(*)c(=O)c5cc4c3=O)c2)(C(F)(F)F)C(F)(F)F)c1,0,H*Bnn*BC#*Ft*Ft*BT,0,0,0,569.0,0,0,0
231,Cc1cc(Cl)ccc1C(*)C*,0,HCC@*B#CClT,0,0,0,418.0,0,0,0
136,*c1cccc(S(=O)(=O)c2cccc(N3C(=O)c4ccc(C(c5ccc6c(c5)C(=O)N(*)C6=O)(C(F)(F)F)C(F)(F)F)cc4C3=O)c2)c1,0,H*BhC#*Ft*Ft*BS#OO*BT,0,0,0,530.0,0,0,0
270,O=C(c1ccc(*)cc1)c8ccc(n7c(=O)c6ccc(Oc5ccc(Sc4ccc(Oc3ccc2c(=O)n(*)c(=O)c2c3)cc4)cc5)cc6c7=O)cc8,0,H*BhO*BS*BO*Bh*BC@O*BT,0,0,0,494.0,0,0,0
17,CC(C)(*)C*,0,HCC#CCT,0,0,0,199.0,0,0,0
147,CC(O)COC(=O)C(C)(*)C*,0,HCC#C*Co@C@C#OCT ,0,0,0,349.0,0,0,0
376,O=c7c6ccc(Oc4cccc5c(Oc3ccc2c(=O)n(c1cc(*)cc(C(F)(F)F)c1)c(=O)c2c3)cccc45)cc6c(=O)n7*,0,H*B@*Ft*BhO*BcO*BhT,0,0,0,523.0,0,0,0
291,*c7ccc(c6cc(c1ccccc1)c5cc(Oc4ccc3nc(*)cc(c2ccccc2)c3c4)ccc5n6)cc7,0,H*Bcn@*BO*Bcn@*B*BT,0,0,0,573.0,0,0,0
202,C[Si](*)(*)c1ccccc1,0,HSi#C*BT,0,0,0,390.0,0,0,0
373,Cc8cc(Cc7cc(C)c(n6c(=O)c5ccc(Oc2cc1ccccc1cc2Oc4ccc3c(=O)n(*)c(=O)c3c4)cc5c6=O)c(C)c7)cc(C)c8*,0,H*B#CCC*B#CC*BhO*BcO*BhT,0,0,0,538.0,0,0,0
72,ClCC(*)(CCl)CO*,0,HOCC#C@ClC@ClT,0,0,0,265.0,0,0,0
224,*CC(*)c2ccc(c1ccccc1)cc2,0,HC@*B@*BCT,0,0,0,411.0,0,0,0
239,CCCC(CCC)(c1ccc(*)cc1)c2ccc(OC(=O)O*)cc2,0,H*BC#*Ch*Ch*B*CoOT,0,0,0,421.0,0,0,0
64,CCC(C)OC(*)C*,0,HCC@O@*CfT,0,0,0,253.0,0,0,0
173,Cc1cccc(C(*)C*)c1,0,HCC@*B@CT,0,0,0,370.0,0,0,0
109,*c1cc(N2C(=O)c3ccc(S(=O)(=O)c4ccc5c(c4)C(=O)N(*)C5=O)cc3C2=O)ccc1C,0,H*BhS#OO*Bh*B@CT,0,0,0,563.0,0,0,0
402,CC(C)(c1ccc(*)cc1)c8ccc(n7c(=O)c6ccc(Oc5ccc4ccc(Oc3ccc2c(=O)n(*)c(=O)c2c3)cc4c5)cc6c7=O)cc8,0,H*BC#CC*B*BhO*BcO*BhT,0,0,0,520.0,0,0,0
138,CCCOc1ccc(C(*)C*)cc1,0,HCC@*B@O@*ChT,0,0,0,343.0,0,0,0
108,Cc6cc(Cc5ccc(n4c(=O)c3ccc(Oc2ccc1c(=O)n(*)c(=O)c1c2)cc3c4=O)c(C)c5)ccc6*,0,H*BhO*Bh*B@CC*B@CT,0,0,0,545.0,0,0,0
138,*c1ccc(C2(c3ccc(N4C(=O)c5ccc(-c6ccc7c(c6)C(=O)N(*)C7=O)cc5C4=O)cc3)c3ccccc3-c3ccccc32)cc1,0,H*Bh*Bh*B*P*BT,0,0,0,765.0,0,0,0
62,*c1ccc(Sc2ccc(N3C(=O)c4ccc(C(c5ccc6c(c5)C(=O)N(*)C6=O)(C(F)(F)F)C(F)(F)F)cc4C3=O)cc2)cc1,0,H*BhC#*Ft*Ft*Bh*BS*BT,0,0,0,567.0,0,0,0
112,*c1ccc(Cc2ccc(N3C(=O)c4ccc(Oc5ccc6c(c5)C(=O)N(*)C6=O)cc4C3=O)cc2)cc1,0,H*BhO*Bh*BC*BT,0,0,0,536.0,0,0,0
42,CC(C)/C(=C/C*)C*,0,HCC@*ChCCT,0,0,0,221.0,0,0,0
145,*CC(*)CC1CCCCC1,0,HC@C@*HCT,0,0,0,348.0,0,0,0
166,FC(F)(*)c1ccc(C(F)(F)*)cc1,0,H*Fw*B*FwT,0,0,0,363.0,0,0,0
3,*c1ccc(Oc2ccc(N3C(=O)c4ccc(Oc5ccc6c(c5)C(=O)N(*)C6=O)cc4C3=O)cc2)cc1,0,H*BhO*Bh*BO*BT,0,0,0,527.0,0,0,0
122,*c1ccc(C(c2ccc(N3C(=O)c4ccc(C(=O)c5ccc6c(c5)C(=O)N(*)C6=O)cc4C3=O)cc2)(C(F)(F)F)C(F)(F)F)cc1,0,H*BhC@O*Bh*BC#*Ft*Ft*BT,0,0,0,577.0,0,0,0
216,O=C(*)c1cccc(C(=O)NCCCCCCN*)c1,0,HNCCCCCCNC@O*BC@OT,0,0,0,403.0,0,0,0
83,*c6ccc(Cc5ccc(n4c(=O)c3cccc(Sc2ccc1c(=O)n(*)c(=O)c1c2)c3c4=O)c(C)c5)cc6C,0,H*BhS*Bh*B@CC*B@CT,0,0,0,554.0,0,0,0
819,*c8ccc(Oc7cccc(Oc6ccc(n5c(=O)c4ccc(Oc3cccc(Oc2ccc1c(=O)n(*)c(=O)c1c2)c3)cc4c5=O)cc6)c7)cc8,0,H*BhO*B*Bh*BO*BO*BT,0,0,0,470.0,0,0,0
19,*c1ccc(Oc2ccc(Oc3ccc(N4C(=O)c5ccc(Oc6ccc(Oc7ccc8c(c7)C(=O)N(*)C8=O)cc6)cc5C4=O)cc3)cc2)cc1,0,H*BhO*BO*Bh*BO*BO*BT,0,0,0,500.0,0,0,0
128,CCC(C)OC(=O)C(C)(*)C*,0,HCC#C*Co@*CfT,0,0,0,330.0,0,0,0
102,*CC(*)CCC1CCCCC1,0,HCC@C@C@*HT,0,0,0,313.0,0,0,0
394,O=c8c7ccc(Oc6ccc5cc(Oc4ccc3c(=O)n(c2ccc(Oc1ccc(*)cc1)cc2)c(=O)c3c4)ccc5c6)cc7c(=O)n8*,0,H*BhO*BcO*Bh*BO*BT,0,0,0,522.0,0,0,0
53,O=C(*)CCCCC(=O)OCCO*,0,HOCC*CoCCCCC@OT   ,0,0,0,233.0,0,0,0
101,CN(*)CCCCCCCNC(=O)CCCCCCC(=O)*,0,HN@CCCCCCCCNC@OCCCCCCC@OT,0,0,0,313.0,0,0,0
220,Cc1ccccc1C(*)C*,0,HCC@*B@CT,0,0,0,409.0,0,0,0
213,*c1ccc(Oc2ccc3ccc(Oc4ccc(N5C(=O)c6ccc(C(=O)c7ccc8c(c7)C(=O)N(*)C8=O)cc6C5=O)cc4)cc3c2)cc1,0,H*BhC@O*Bh*BO*BcO*BT,0,0,0,525.0,0,0,0
242,*c1ccc(C2(c3ccc(N4C(=O)c5ccc(C(c6ccc7c(c6)C(=O)N(*)C7=O)(C(F)(F)F)C(F)(F)F)cc5C4=O)cc3)c3ccccc3-c3ccccc32)cc1,0,H*BhC#*Ft*Ft*Bh*B*P*BT,0,0,0,653.0,0,0,0
302,*c%10ccc(Oc9ccc(c7nc1ccccc1c(c6ccc(Oc5ccc(c3c(c2ccccc2)c(*)nc4ccccc34)cc5)cc6)c7c8ccccc8)cc9)cc%10,0,H*Bcn@*B*BO*B*Bcn@*B*BO*BT,0,0,0,618.0,0,0,0
88,CCCCOC(=O)C(C)(*)C*,0,HC*Co#C*CfT,0,0,0,293.0,0,0,0
255,*c1ccc(N(c2ccccc2)c2ccc(N3C(=O)c4ccc(C(c5ccc6c(c5)C(=O)N(*)C6=O)(C(F)(F)F)C(F)(F)F)cc4C3=O)cc2)cc1,0,H*BhC#*Ft*Ft*Bh*BN@*B*BT,0,0,0,580.0,0,0,0
511,O=c7c6ccc(Oc5ccc(Sc4ccc(Oc3ccc2c(=O)n(c1ccc(*)cc1)c(=O)c2c3)cc4)cc5)cc6c(=O)n7*,0,H*B*BhO*BS*BO*BhT,0,0,0,474.0,0,0,0
14,*c7ccc(Oc6ccc(Oc5ccc(n4c(=O)c3cccc(Oc2ccc1c(=O)n(*)c(=O)c1c2)c3c4=O)cc5)cc6)cc7,0,H*BhO*Bh*BO*BO*BT,0,0,0,522.0,0,0,0
48,O=C(CCCCCCCC(=O)OC*)O*,0,H*CoCCCCCCC*CoCT,0,0,0,228.0,0,0,0
36,*CO*,0,HOCT,0,0,0,218.0,0,0,0
137,O=C(O*)c1ccc(C(=O)OCC*)c2ccccc12,0,HCC*Co*Bc*CoT,0,0,0,337.0,0,0,0
192,CCC(C)c1ccc(*)c(*)c1,0,HCC@*B#CCT,0,0,0,384.0,0,0,0
33,*c1ccc(Cc2ccc(N3C(=O)c4ccc(C(=O)c5ccc6c(c5)C(=O)N(*)C6=O)cc4C3=O)cc2)cc1,0,H*BhC@O*Bh*BC*BT,0,0,0,559.0,0,0,0
1,*c1cccc(N2C(=O)c3ccc(Oc4ccc5c(c4)C(=O)N(*)C5=O)cc3C2=O)c1,0,H*BhO*Bh*BT,0,0,0,552.0,0,0,0
124,*c1ccc(C(c2ccc(N3C(=O)c4ccc(C(c5ccc6c(c5)C(=O)N(*)C6=O)(C(F)(F)F)C(F)(F)F)cc4C3=O)cc2)(C(F)(F)F)C(F)(F)F)cc1,0,H*BhC#*Ft*Ft*Bh*BC#*Ft*Ft*BT,0,0,0,584.0,0,0,0
818,*c8ccc(Oc7ccc(Oc6ccc(n5c(=O)c4ccc(Oc3cccc(Oc2ccc1c(=O)n(*)c(=O)c1c2)c3)cc4c5=O)cc6)cc7)cc8,0,H*BhO*BO*Bh*BO*BO*BT,0,0,0,472.0,0,0,0
103,FC(F)(F)C(F)(F)C(*)C*,0,HCC@*Fw@*FtT,0,0,0,314.0,0,0,0
254,O=C(O*)Oc2ccc(C(c1ccc(*)cc1)(C(F)(F)Cl)C(F)(F)Cl)cc2,0,H*BC#*Fw@Cl*Fw@Cl*B*CoOT ,0,0,0,457.0,0,0,0
157,CC(O)OC(=O)C(C)(*)C*,0,HCC#C*Co@C#OCT,0,0,0,359.0,0,0,0
38,CCCCOC(=O)C(*)C*,0,HC@*Co@*CfCT,0,0,0,219.0,0,0,0
225,Cc1cc(*)ccc1C(C)(C)c2ccc(OC(=O)O*)c(Cl)c2,0,H*B@CC#CC*B@Cl*CoOT ,0,0,0,411.0,0,0,0
4,*c1cccc(Oc2cccc(N3C(=O)c4ccc(Oc5ccc6c(c5)C(=O)N(*)C6=O)cc4C3=O)c2)c1,0,H*BhO*Bh*BO*BT,0,0,0,493.0,0,0,0
134,*CC(C*)CC1CCCC1,0,HCC@C@*GCT,0,0,0,333.0,0,0,0
78,*c1ccc(Oc2ccc(N3C(=O)c4ccc(Sc5ccc6c(c5)C(=O)N(*)C6=O)cc4C3=O)cc2)cc1,0,H*BhS*Bh*BO*BT,0,0,0,539.0,0,0,0
379,CC(C)(c1ccc(*)cc1)c9ccc(C(C)(C)c8ccc(n7c(=O)c6ccc(Oc4cccc5c(Oc3ccc2c(=O)n(*)c(=O)c2c3)cccc45)cc6c7=O)cc8)cc9,0,H*BhO*BcO*Bh*BC#CC*BC#CC*BT,0,0,0,526.0,0,0,0
222,CCCC(C)(c1ccc(*)cc1)c2ccc(OC(=O)O*)cc2,0,H*BC#C*Ch*B*CoOT,0,0,0,410.0,0,0,0
110,CC(C)(C)CCOC(=O)C(C)(*)C*,0,HCC#C*Co@C@C@CkT,0,0,0,318.0,0,0,0
233,*c1ccc(Oc2ccc(N3C(=O)c4ccc(S(=O)(=O)c5ccc6c(c5)C(=O)N(*)C6=O)cc4C3=O)cc2)cc1,0,H*BhS#OO*Bh*BO*BT,0,0,0,568.0,0,0,0
364,O=c8c7ccc(Oc6ccc5cc(Oc4ccc3c(=O)n(c2ccc(C(c1ccc(*)cc1)(C(F)(F)F)C(F)(F)F)cc2)c(=O)c3c4)ccc5c6)cc7c(=O)n8*,0,H*BhO*BcO*Bh*BC#*Ft*Ft*BT,0,0,0,491.0,0,0,0
102,*c1ccc(Sc2ccc(-n3c(=O)c4cc5c(=O)n(*)c(=O)c5cc4c3=O)cc2)cc1,0,H*Bnn*BS*BT,0,0,0,673.0,0,0,0
391,O=c8c7ccc(Oc5cccc6c(Oc4ccc3c(=O)n(c2ccc(Oc1ccc(*)cc1)cc2)c(=O)c3c4)cccc56)cc7c(=O)n8*,0,H*BO*B*BhO*BcO*BhT,0,0,0,513.0,0,0,0
150,*Cc1ccc(C*)c(Br)c1,0,HC*B@BrCT,0,0,0,353.0,0,0,0
2,*C/C=C/C*,0,HCCCCT,0,0,0,171.0,0,0,0
204,CCC(C)(c1ccc(*)c(C)c1)c2ccc(OC(=O)O*)c(C)c2,0,HO*Co*B@CC#C*Ct*B@CT ,0,0,0,392.0,0,0,0
209,Fc1cc(C(*)C*)ccc1Cl,0,HCC@*B#FClT,0,0,0,395.0,0,0,0
115,CC(C)COC(=O)C(C)(*)C*,0,HCC#C*Co@*CqT ,0,0,0,321.0,0,0,0
165,N#Cc1cc(C*)ccc1C*,0,HC*B@C@NCT,0,0,0,363.0,0,0,0
104,O=C(*)CCCCCCCCCCN*,0,HNCCCCCCCCCCC@OT,0,0,0,315.0,0,0,0
95,C=COC(*)C*,0,HCC@*CoT,0,0,0,304.0,0,0,0
69,*c1cccc(Oc2cccc(N3C(=O)c4ccc(C(c5ccc6c(c5)C(=O)N(*)C6=O)(C(F)(F)F)C(F)(F)F)cc4C3=O)c2)c1,0,H*BhC#*Ft*Ft*Bh*BO*BT,0,0,0,517.0,0,0,0
214,*c1ccc(Cc2ccc(N3C(=O)c4ccc(Oc5ccc(C(C)(C)c6ccc(Oc7ccc8c(c7)C(=O)N(*)C8=O)cc6)cc5)cc4C3=O)c(C)c2)cc1C,0,H*BhO*BC#CC*BO*Bh*B@CC*B@CT,0,0,0,499.0,0,0,0
186,*c1ccc(Cc2ccc(N3C(=O)c4ccc(-c5ccc6c(c5)C(=O)N(*)C6=O)cc4C3=O)c(Cl)c2)cc1Cl,0,H*Bh*Bh*B@ClC*B@ClT,0,0,0,581.0,0,0,0
13,CCC/C(=C/C*)C*,0,HCC@*ChCCT,0,0,0,196.0,0,0,0
164,*c1ccc(Oc2ccc(-c3ccc(Oc4ccc(N5C(=O)c6ccc(C(c7ccc8c(c7)C(=O)N(*)C8=O)(C(F)(F)F)C(F)(F)F)cc6C5=O)cc4)cc3)cc2)cc1,0,H*BhC#*Ft*Ft*Bh*BO*B*BO*BT,0,0,0,569.0,0,0,0
169,CC(C*)(C*)C(=O)OCCCl,0,HCC#C*Co@*Ct@ClT,0,0,0,365.0,0,0,0
306,O=C(*)Nc8cccc(C7(c5ccc(NC(=O)c4ccc(C3(c1ccc(*)cc1)OC(=O)c2ccccc23)cc4)cc5)OC(=O)c6ccccc67)c8,0,H*B*Bbo*BC@ON*B*Bbo*BNC@OT,0,0,0,658.0,0,0,0
293,O=C(*)Oc6ccc(c5ccc(OC(=O)c4ccc(C3(c1ccc(*)cc1)OC(=O)c2ccccc23)cc4)cc5)cc6,0,H*B*Bbo*B*Co*B*BO*CoT ,0,0,0,580.0,0,0,0
113,O=C(OC(*)C*)C(F)(F)F,0,HCC@*Co@*FtT ,0,0,0,319.0,0,0,0
60,CC(C)COC(=O)C(*)C*,0,HC@*Co@*CqCT,0,0,0,249.0,0,0,0
6,*CCCCO*,0,HOCCCCT,0,0,0,190.0,0,0,0
363,O=c8c7ccc(Oc2cc1ccccc1cc2Oc6ccc5c(=O)n(c4ccc(C(c3ccc(*)cc3)(C(F)(F)F)C(F)(F)F)cc4)c(=O)c5c6)cc7c(=O)n8*,0,H*BhO*BcO*Bh*BC#*Ft*Ft*BT,0,0,0,529.0,0,0,0
189,O=C(O)C(*)C*,0,HCC@*CoT,0,0,0,379.0,0,0,0
66,CCOC(*)C*,0,HCC@O@*CtT,0,0,0,254.0,0,0,0
179,Fc1ccc(F)c(C(*)C*)c1,0,HCC@*B#FFT,0,0,0,374.0,0,0,0
210,*c1ccc(Oc2ccc3ccc(Oc4ccc(N5C(=O)c6ccc(C(c7ccc8c(c7)C(=O)N(*)C8=O)(C(F)(F)F)C(F)(F)F)cc6C5=O)cc4)cc3c2)cc1,0,H*BhC#*Ft*Ft*Bh*BO*BcO*BT,0,0,0,537.0,0,0,0
155,CCC(C)c1ccc(C(*)C*)cc1,0,HCC@*B@*CfT,0,0,0,359.0,0,0,0
292,*c%10ccc(Oc9ccc(c7nc5ccc(Oc4ccc3nc(*)c(c1ccccc1)c(c2ccccc2)c3c4)cc5c(c6ccccc6)c7c8ccccc8)cc9)cc%10,0,H*Bcn#*B*BO*Bcn#*B*B*BO*BT,0,0,0,578.0,0,0,0
83,COC(=O)C(*)C*,0,HCC@*Co@CT,0,0,0,281.0,0,0,0
50,CCCOC(=O)C(*)C*,0,HC@*Co@*ChCT,0,0,0,229.0,0,0,0
303,*c9ccc(c7nc5ccc(Oc4ccc3nc(*)c(c1ccccc1)c(c2ccccc2)c3c4)cc5c(c6ccccc6)c7c8ccccc8)cc9,0,H*Bcn#*B*BO*Bcn#*B*B*BT,0,0,0,618.0,0,0,0
32,O=C(CCCCC*)O*,0,H*CoCCCCCT,0,0,0,213.0,0,0,0
267,O=S(=O)(c1ccc(*)cc1)c4ccc(Oc3ccc(Cc2ccc(O*)cc2)cc3)cc4,0,HO*BC*BO*BS#OO*BT,0,0,0,493.0,0,0,0
229,Cc1ccc(C)c(C(*)C*)c1,0,HCC@*B#CCT,0,0,0,416.0,0,0,0
244,FC(F)(F)C(F)(*)C(F)(F)*,0,H*FwC#*FtFT,0,0,0,425.0,0,0,0
75,C=CC(*)C*,0,HCC@C@CT,0,0,0,269.0,0,0,0
37,*c1ccc(C(=O)c2ccc(N3C(=O)c4ccc(C(=O)c5ccc6c(c5)C(=O)N(*)C6=O)cc4C3=O)cc2)cc1,0,H*BhC@O*Bh*BC@O*BT,0,0,0,556.0,0,0,0
276,O=C(c1ccc(O*)cc1)c7ccc(Oc6ccc5c(=O)n(c4cccc(n3c(=O)c2ccc(*)cc2c3=O)c4)c(=O)c5c6)cc7,0,H*Bh*B*BhO*BC@O*BOT,0,0,0,512.0,0,0,0
162,*c1cc2c(cc1C)-c1cc(C)c(N3C(=O)c4ccc(-c5ccc6c(c5)C(=O)N(*)C6=O)cc4C3=O)cc1S2(=O)=O,0,H*Bh*Bh*PT,0,0,0,763.0,0,0,0
288,O=C(*)c4ccc3c(=O)n(c2ccc(Cc1ccc(N*)cc1)cc2)c(=O)c3c4,0,HN*BC*B*BhC@OT,0,0,0,550.0,0,0,0
99,*c1ccc(Cc2ccc(-n3c(=O)c4cc5c(=O)n(*)c(=O)c5cc4c3=O)c(C)c2)cc1C,0,H*Bnn*B@CC*B@CT,0,0,0,547.0,0,0,0
21,*c1cccc(Cc2cccc(N3C(=O)c4ccc(C(=O)c5ccc6c(c5)C(=O)N(*)C6=O)cc4C3=O)c2)c1,0,H*BhC@O*Bh*BC*BT,0,0,0,520.0,0,0,0
11,*c1ccc(Oc2ccc(N3C(=O)c4cccc(Oc5cccc6c5C(=O)N(*)C6=O)c4C3=O)cc2)cc1,0,H*BhO*Bh*BO*BT,0,0,0,565.0,0,0,0
93,*c1ccc(Cc2ccc(-n3c(=O)c4cc5c(=O)n(*)c(=O)c5cc4c3=O)cc2)cc1,0,H*Bnn*BC*BT,0,0,0,623.0,0,0,0
254,*c1ccc(N(c2ccccc2)c2ccc(N3C(=O)c4ccc(C(=O)c5ccc6c(c5)C(=O)N(*)C6=O)cc4C3=O)cc2)cc1,0,H*BhC@O*Bh*BN@*B*BT,0,0,0,565.0,0,0,0
15,*c1cccc(N2C(=O)c3ccc(Oc4ccc(Oc5ccc6c(c5)C(=O)N(*)C6=O)cc4)cc3C2=O)c1,0,H*BhO*BO*Bh*BT,0,0,0,534.0,0,0,0
200,Clc1ccc(C(*)C*)cc1,0,HCC@*B@ClT,0,0,0,389.0,0,0,0
30,*/C=C/C=C/C*,0,HCCCCCT,0,0,0,213.0,0,0,0
17,*c1ccc(Oc2ccc(N3C(=O)c4ccc(Oc5ccc(Oc6ccc7c(c6)C(=O)N(*)C7=O)cc5)cc4C3=O)cc2)cc1,0,H*BhO*BO*Bh*BO*BT,0,0,0,523.0,0,0,0
119,*c1ccc(C)c(N2C(=O)c3ccc(C(c4ccc5c(c4)C(=O)N(*)C5=O)(C(F)(F)F)C(F)(F)F)cc3C2=O)c1,0,H*BhC#*Ft*Ft*Bh*B@CT,0,0,0,589.0,0,0,0
212,*c1ccc(Oc2ccc3ccc(Oc4ccc(N5C(=O)c6ccc(Oc7ccc(C(c8ccc(Oc9ccc%10c(c9)C(=O)N(*)C%10=O)cc8)(C(F)(F)F)C(F)(F)F)cc7)cc6C5=O)cc4)cc3c2)cc1,0,H*BhO*BC#*Ft*Ft*BO*Bh*BO*BcO*BT,0,0,0,484.0,0,0,0
35,O=C(*)CCCCC(=O)OCCCCCCCCCCO*,0,HOCCCCCCCCCC*CoCCCCC@OT,0,0,0,217.0,0,0,0
116,CC(C)C(*)C*,0,HCC@*ChT,0,0,0,323.0,0,0,0
45,Cl/C(=C\C*)C*,0,HCC@ClCCT,0,0,0,225.0,0,0,0
240,*c1ccc2c(c1)-c1cc(N3C(=O)c4ccc(C(=O)c5ccc6c(c5)C(=O)N(*)C6=O)cc4C3=O)ccc1C2(C)C,0,H*BhC@O*Bh*P#CCT,0,0,0,643.0,0,0,0
